Aerial Turret,Medium
Air-Pressure Rifle,Medium
Airplane Glue,Small
Altimeter,Small
Anemometer,Medium
Atlas,Medium
Balloon Engine,Medium
Battle Balloon,Medium
Battle Drone,Medium
Bird Cage,Medium
Bomb Voyage,Medium
Buster,Medium
Caracara,Medium
Chicken Cannon,Medium
Cloche Hat,Medium
Delivery Drone,Medium
Drafting Table,Medium
Fire Hose,Medium
Freefall Simulator,Medium
Gatling Gun,Medium
Grabinator,Medium
Hydraulic Squeezer,Medium
Hydrogen Tank,Medium
In-Flight Meal,Medium
Kite,Medium
LavaRoller,Medium
Lowroller,Medium
Lunch Box,Medium
Molten Ball Blaster,Medium
Oxygen Mask,Medium
Oxygen Tank,Medium
Parachute,Medium
Pillbuggy,Medium
Pogo Stick,Medium
Pressure Heater,Medium
Propeller,Medium
Ramming Balloon,Medium
Sandbags,Medium
Security Drone,Medium
Sirens,Medium
Sky Anchor,Medium
Spotlight,Medium
Squirrel Suit,Medium
Steam Hose ,Medium
Steam Washer,Medium
Tethers,Medium
The Big One,Medium
Toolbox,Medium
Windbreaker,Medium
Wrecking Ball,Medium
Angle Grinder Drone,Small
Aviators,Small
Binoculars,Small
Blow Torch,Small
Box Cutter,Small
Clockwork Disc,Small
Darts,Small
Eject Button,Small
Fire Bomb,Small
Firecrackers,Small
Flare Gun,Small
Flashbang,Small
Flycycle,Small
Goggles,Small
Gyro Gunsight,Small
Hammer,Small
Headset,Small
Ice Bomb,Small
Jetpack,Small
Joystick,Small
Lightning Butterfly,Small
Marshalling Lights,Small
Multitool,Small
Ni-Kola,Small
Orbital Polisher,Small
Ornithopter,Small
Paper Airplane,Small
Pilot's Wings,Small
Pinwheel,Small
Precision Calipers,Small
Red Lantern,Small
Rivet Gun,Small
Rocket Drone,Small
Smoke Detector,Small
Solar Drone,Small
Wrench,Small
Daggerwing,Large
Hang Glider,Large
Hangar,Large
Launch Tower,Large
Lightning Rod,Large
MagShield,Large
Observatory,Large
Private Runabout,Large
Radar Dome,Large
Skyliner,Large
Space Laser,Large
Stellar Swallowtail,Large
Stelle's Workshop,Large
Vortex Cannon,Large
Weather Machine,Large