name;sex;Number
Gabriel;M;7087
Raphaël;M;5887
Adam;M;5857
Louise;F;5373
Arthur;M;5235
Louis;M;5232
Paul;M;4547
Alexandre;M;4495
Emma;F;4204
Chloé;F;4148
Camille;F;3994
Victor;M;3986
Alice;F;3816
Mohamed;M;3690
Inès;F;3628
Jeanne;F;3571
Lucas;M;3555
Sarah;F;3505
Antoine;M;3321
Jules;M;3259
Maxime;M;3208
Léa;F;3188
Gaspard;M;3013
Hugo;M;2952
Anna;F;2935
Thomas;M;2888
Joseph;M;2886
Sacha;M;2861
Léo;M;2840
Juliette;F;2836
Eva;F;2736
Lina;F;2710
Noah;M;2702
Nathan;M;2684
Charlotte;F;2631
Jade;F;2535
Oscar;M;2436
Adèle;F;2389
Rose;F;2387
Samuel;M;2386
Augustin;M;2368
Sacha;F;2358
Zoé;F;2350
Manon;F;2319
Lou;F;2272
Nina;F;2243
Ethan;M;2232
Martin;M;2189
Gabrielle;F;2180
Clément;M;2157
Enzo;M;2145
Rayan;M;2109
Clara;F;2109
Lucie;F;2102
Léon;M;2097
Isaac;M;2083
Noé;M;2053
Simon;M;2050
Victoria;F;2044
Anaïs;F;1996
Mathilde;F;1979
Joséphine;F;1962
Sofia;F;1955
Adrien;M;1918
Victoire;F;1892
Yanis;M;1886
Mathis;M;1867
Marie;F;1866
Romane;F;1863
Olivia;F;1862
Liam;M;1821
Axel;M;1813
Aaron;M;1803
Alma;F;1767
Julia;F;1766
Alix;F;1742
Clémence;F;1722
Baptiste;M;1721
Margaux;F;1696
Théo;M;1691
Héloïse;F;1683
Agathe;F;1682
Charles;M;1679
Iris;F;1670
Valentin;M;1646
Eliott;M;1626
Alexis;M;1599
Maxence;M;1578
Ibrahim;M;1575
Timothée;M;1575
Ava;F;1545
Apolline;F;1543
Diane;F;1522
Côme;M;1521
Ismaël;M;1517
Mila;F;1513
Basile;M;1455
Benjamin;M;1454
Maël;M;1454
Pierre;M;1445
Maya;F;1442
David;M;1441
Margot;F;1435
Lisa;F;1431
Yasmine;F;1412
Valentine;F;1401
Marius;M;1400
Ambre;F;1383
Pauline;F;1362
Nour;F;1358
Camille;M;1354
Romy;F;1354
Noa;F;1343
Jean;M;1336
Léonie;F;1322
Félix;M;1310
Tom;M;1310
Elias;M;1308
Suzanne;F;1298
Fatoumata;F;1290
Charlie;F;1284
Léna;F;1282
Nicolas;M;1257
Salomé;F;1249
Ulysse;M;1217
Noémie;F;1212
Elsa;F;1210
Maxime;F;1205
Léonard;M;1202
Lola;F;1198
Naël;M;1192
Mia;F;1176
Eden;F;1167
Capucine;F;1160
Ella;F;1151
William;M;1143
Constance;F;1138
Auguste;M;1136
Sasha;F;1125
Aya;F;1106
Elisa;F;1103
Sara;F;1091
Lucien;M;1087
Garance;F;1081
Romain;M;1079
Robin;M;1079
Noam;M;1075
Laura;F;1073
Madeleine;F;1072
Quentin;M;1070
Mariam;F;1062
Julien;M;1054
Julie;F;1045
Elise;F;1039
Octave;M;1038
Hector;M;1037
Abel;M;1028
Achille;M;1023
Amir;M;1017
Alicia;F;1002
Céleste;F;974
Emilie;F;964
Evan;M;964
Gabin;M;964
Tristan;M;962
Gustave;M;958
Luna;F;953
Marceau;M;948
Youssef;M;947
Solal;M;934
Aminata;F;928
Malo;M;925
Daniel;M;922
Ali;M;921
Amine;M;914
Andrea;M;909
Anouk;F;904
Moussa;M;897
Lila;F;894
Ruben;M;893
Esther;F;892
Nolan;M;887
Milo;M;875
Théodore;M;873
Matthieu;M;868
Sophia;F;844
Roxane;F;832
Aïcha;F;832
Elena;F;830
Inaya;F;815
Sophie;F;806
Myriam;F;803
Eden;M;803
Eléonore;F;800
Antonin;M;790
Daphné;F;780
Giulia;F;779
Joshua;M;774
Mehdi;M;773
Mathieu;M;773
Edgar;M;773
Ayoub;M;769
Lily;F;767
Elie;M;763
Ilyes;M;762
Stella;F;761
César;M;760
Mamadou;M;756
Léopold;M;753
Aurélien;M;745
Samy;M;744
Mathias;M;744
Violette;F;744
Ines;F;732
Ahmed;M;731
Luca;M;729
Lenny;M;726
Marin;M;722
Henri;M;720
Georges;M;718
Issa;M;717
Maëlys;F;717
Anatole;M;715
Océane;F;712
Armand;M;711
Raphaëlle;F;708
Faustine;F;700
Lise;F;696
Rafael;M;682
Célia;F;679
Chiara;F;679
Hadrien;M;678
Justine;F;677
Assia;F;673
Hanna;F;668
Maria;F;667
Mathéo;M;665
Blanche;F;656
Albane;F;654
Vadim;M;652
Andrea;F;649
Pablo;M;648
Edouard;M;647
Nora;F;642
Isaure;F;640
Fatima;F;639
Yassine;M;639
Lana;F;637
Liv;F;634
Thaïs;F;631
Nino;M;631
Arsène;M;629
Roméo;M;626
Kaïs;M;626
Maryam;F;625
Hamza;M;621
Amaury;M;620
Guillaume;M;611
Joachim;M;607
Max;M;604
Yacine;M;602
Zakaria;M;601
Roman;M;601
Lyna;F;601
Emmanuel;M;601
Eloïse;F;595
Paloma;F;592
Ilyan;M;592
Lilia;F;592
Pia;F;592
Naïm;M;591
Alexandra;F;590
Maëlle;F;590
Emile;M;589
Matteo;M;589
Noa;M;587
Imran;M;587
Hippolyte;M;584
Thibault;M;583
Esteban;M;582
Naomi;F;582
Alba;F;580
Brune;F;579
Éléonore;F;578
Hawa;F;576
Mélissa;F;574
Aylan;M;574
Stanislas;M;572
Hortense;F;566
Diego;M;566
Wassim;M;566
James;M;566
Grégoire;M;563
Rayane;M;563
Andréa;F;559
Dylan;M;558
Marc;M;557
Maïa;F;556
Hannah;F;555
Aliénor;F;553
Milan;M;552
Théophile;M;551
Selma;F;550
Djibril;M;549
Kylian;M;547
Omar;M;547
Alya;F;546
Claire;F;544
Clémentine;F;543
Awa;F;542
Kenza;F;542
Anas;M;539
Amina;F;539
Marcel;M;538
Bérénice;F;533
Marion;F;530
Ayden;M;528
Corentin;M;528
Jasmine;F;527
Olympe;F;524
Sixtine;F;522
Younes;M;520
Zélie;F;519
Jacques;M;519
Charlie;M;517
Alban;M;516
Carla;F;514
Elliot;M;505
Nathanaël;M;504
Noham;M;504
Anton;M;501
Elio;M;499
Titouan;M;499
Anis;M;498
Idriss;M;497
Souleymane;M;497
Sasha;M;497
Ariane;F;497
Élise;F;492
Mattéo;M;492
Sirine;F;491
Lena;F;491
Eugénie;F;489
Jonas;M;488
Vincent;M;487
Philippine;F;482
Balthazar;M;481
Yann;M;481
Abdoulaye;M;481
Céline;F;480
Lorenzo;M;479
Ernest;M;478
Salma;F;477
Anaëlle;F;476
Ana;F;475
Manel;F;474
Sami;M;471
Thelma;F;470
Nils;M;470
Alex;M;468
Lucile;F;465
Judith;F;464
Adem;M;464
Aurèle;M;460
Louna;F;454
Léandre;M;453
Louison;F;453
Aurore;F;451
Nassim;M;450
Nael;M;448
Pénélope;F;447
Khadija;F;444
Fanta;F;444
Ninon;F;443
Dina;F;440
Ryan;M;440
Ambroise;M;439
Ibrahima;M;439
Jad;M;438
Livia;F;437
Maximilien;M;437
Imane;F;434
Émile;M;433
Youssouf;M;432
Bintou;F;429
Amélie;F;428
Louisa;F;428
Ousmane;M;427
Hélène;F;424
Zacharie;M;423
Kevin;M;423
Mohammed;M;423
Luka;M;423
Mélina;F;418
Rachel;F;417
Timéo;M;413
Mina;F;413
Léonore;F;412
Hana;F;412
Ismael;M;412
Eliot;M;410
Etienne;M;408
Bianca;F;408
Florian;M;407
Gaël;M;405
Tiago;M;405
Mahaut;F;403
Maïssa;F;402
Mathys;M;402
Erwan;M;401
Lilou;F;401
Bilal;M;400
Colette;F;398
Sofiane;M;397
Lara;F;394
Owen;M;394
Loïc;M;392
Mona;F;391
Ilian;M;388
Sohan;M;386
François;M;384
Lison;F;383
Cléo;F;383
Marcus;M;382
Marguerite;F;381
Axelle;F;381
Rosalie;F;379
Flora;F;375
Timothé;M;375
Elisabeth;F;373
Amandine;F;372
Estelle;F;370
Angèle;F;370
Ilan;M;370
Haroun;M;370
Bastien;M;368
Coline;F;367
Astrid;F;366
Eve;F;366
Billie;F;366
Ilyas;M;364
Talia;F;361
Aymen;M;361
Oumou;F;360
Jonathan;M;359
Tess;F;359
Jana;F;357
Théa;F;356
Maïmouna;F;355
Clarisse;F;354
Adel;M;354
Gaston;M;354
Malik;M;352
Constantin;M;351
Virgile;M;351
Amira;F;351
Dimitri;M;350
Camélia;F;350
Olivier;M;348
Irène;F;348
Oumar;M;347
Ariel;M;347
Aksel;M;347
Solène;F;347
Raphael;M;346
Aboubacar;M;345
Ellie;F;345
Rémi;M;344
Dorian;M;344
Cassandre;F;342
Alexia;F;342
Rafaël;M;341
Anthony;M;340
Jenna;F;337
Ezra;M;334
Emy;F;333
Ysée;F;331
Elia;F;330
Julian;M;329
Anastasia;F;328
Rebecca;F;326
Valentina;F;323
Lino;M;323
Leo;M;323
Ismaïl;M;320
Aliya;F;319
Marine;F;319
Farah;F;315
Adama;M;313
Emmy;F;311
Rania;F;311
Luc;M;310
Eléa;F;309
Aliyah;F;309
Charline;F;309
Elya;F;309
Jayden;M;308
Asma;F;306
Amadou;M;304
Naomie;F;303
Sibylle;F;303
Rita;F;302
Mariama;F;300
Augustine;F;300
Shirel;F;298
Jérémy;M;297
Fatou;F;295
Zayn;M;294
Lilya;F;294
Léane;F;294
Emna;F;292
Leïla;F;292
Émilie;F;291
Colombe;F;290
Sam;M;290
Flore;F;289
Mouhamed;M;289
Lyam;M;287
Kamil;M;286
Ferdinand;M;286
Castille;F;286
Norah;F;285
Morgane;F;284
Elyas;M;284
Sandro;M;283
Maxine;F;282
Paola;F;282
Matéo;M;280
Johan;M;280
Lili;F;279
Matthias;M;278
Lazare;M;278
Adrian;M;277
Diana;F;277
Karim;M;275
Walid;M;275
André;M;274
Soline;F;273
Mahamadou;M;273
Prune;F;272
Amélia;F;271
Noah;F;271
Neil;M;271
Yaël;F;270
Dan;M;269
Tessa;F;269
Eric;M;268
Ivan;M;267
Adélaïde;F;266
Darius;M;266
Philippe;M;263
Audrey;F;262
Fanny;F;262
Elina;F;262
Salim;M;261
Iyad;M;259
Mateo;M;259
Lamine;M;259
Candice;F;258
Nelya;F;258
Gaïa;F;256
Gabriella;F;256
Jacob;M;255
Andréa;M;255
Eline;F;254
Eloi;M;254
Alyssa;F;253
Tara;F;253
Janna;F;252
Swann;M;251
Clotilde;F;249
Marwa;F;249
Maud;F;249
Elodie;F;249
Jessica;F;249
Noor;F;248
Laure;F;248
Elijah;M;248
Syrine;F;248
Alia;F;247
Fleur;F;247
Amy;F;247
Léana;F;247
Mahé;M;246
Swann;F;245
Elliott;M;245
Marianne;F;245
Ange;M;245
Leonardo;M;245
Sienna;F;244
June;F;244
Célestine;F;241
Aline;F;241
Damien;M;241
Orso;M;240
Aymeric;M;239
Elyes;M;239
Lia;F;238
Malak;F;237
Lassana;M;236
Gauthier;M;236
Caroline;F;236
Hanaé;F;236
Aïssatou;F;235
Sonia;F;234
Angelina;F;234
Nélia;F;234
Cécile;F;234
Ewen;M;233
Élie;M;233
Naïla;F;232
Ethel;F;232
Mahault;F;231
Yohan;M;231
Mya;F;229
Isabelle;F;228
Melissa;F;228
Nahil;M;228
Soan;M;227
Emilia;F;227
Youcef;M;227
Moustapha;M;226
Carmen;F;225
Lior;M;224
Shana;F;224
Boubacar;M;223
Assa;F;222
Bakary;M;222
Lya;F;222
Mayssa;F;222
Melchior;M;222
Line;F;220
Anaé;F;220
Kenzo;M;219
Cheick;M;218
Joy;F;218
Anissa;F;217
Jérémie;M;216
Niels;M;215
Ilyana;F;215
Abdallah;M;214
Enora;F;213
Coumba;F;213
Fares;M;213
Gloria;F;212
Marwan;M;212
Christian;M;211
Aïssata;F;211
Mariame;F;210
Loup;M;210
Alix;M;209
Colin;M;209
Sana;F;209
Maylis;F;208
Clovis;M;207
Lou;M;207
Sébastien;M;207
Harry;M;207
Lydia;F;206
Neyla;F;206
Naëlle;F;206
Camil;M;206
Nayla;F;205
Kelly;F;205
Mayeul;M;205
Gabriela;F;204
Philomène;F;204
Jason;M;203
Albert;M;203
Anne;F;203
Saul;M;202
Amalia;F;202
Laetitia;F;201
Andy;M;201
Alan;M;201
Bertille;F;200
Abdoul;M;200
Alexander;M;200
Alessandro;M;200
Grace;F;200
Domitille;F;199
Sekou;M;199
Helena;F;199
Jennah;F;199
Marco;M;198
Aloïs;M;198
Assya;F;198
Tony;M;198
Mélanie;F;197
Salimata;F;197
Karl;M;196
Aïda;F;196
Naya;F;196
Kévin;M;196
Khalil;M;195
Lilas;F;194
Eugène;M;194
Maeva;F;194
Issam;M;193
Louane;F;193
Zachary;M;193
Jannah;F;193
Lucia;F;193
Agnès;F;191
Ysé;F;191
Jean-Baptiste;M;190
Lahna;F;190
Zahra;F;189
Henry;M;188
Yara;F;188
Lilian;M;187
Maxence;F;187
Kadiatou;F;187
Élisa;F;187
Melvil;M;186
Emmanuelle;F;186
Célestin;M;186
Ben;M;186
Athénaïs;F;185
Wael;M;185
Bilel;M;185
Soumaya;F;184
Ania;F;184
Leyna;F;183
Adama;F;183
Imrane;M;183
Amel;F;183
Iyed;M;182
Ludivine;F;182
Éva;F;182
Waël;M;182
Hafsa;F;182
Éloïse;F;182
Pio;M;181
Ashley;F;181
Marilou;F;181
Isra;F;181
Idris;M;181
Benoît;M;180
Arnaud;M;180
Mickaël;M;179
Sabrina;F;179
Gaëtan;M;179
Sidonie;F;179
Kiara;F;178
Halima;F;178
Jordan;M;178
Vanessa;F;178
Calixte;M;178
Cléa;F;175
Ayline;F;175
Liora;F;174
Lucy;F;173
Lukas;M;173
Nahel;M;172
Aaliyah;F;172
Bryan;M;172
Tidiane;M;171
Hayden;M;171
Thalia;F;171
Oriane;F;171
Luce;F;170
Safiya;F;170
Cassandra;F;170
Serena;F;168
Léopoldine;F;168
Méline;F;167
Ombeline;F;167
Esmée;F;167
Soren;M;167
Johanna;F;166
Naïl;M;166
Aimée;F;166
Hassan;M;165
Yuna;F;165
Viktor;M;165
Emily;F;164
Marina;F;164
Yannis;M;164
Vladimir;M;164
Siméon;M;163
Yousra;F;163
Matisse;M;162
Emilio;M;162
Cyprien;M;161
Lyana;F;161
Chaïma;F;161
Linda;F;161
Georgia;F;161
Xavier;M;160
Aicha;F;160
Ayman;M;159
Ilyès;M;159
Maé;F;158
Maëva;F;157
Aboubakar;M;157
Izia;F;157
Melina;F;157
Matis;M;157
Charly;M;156
Lyne;F;155
Michel;M;155
Eléna;F;155
Robinson;M;155
Kassim;M;155
Eyal;M;155
Muhammad;M;155
Meriem;F;155
Kayla;F;154
Joyce;F;154
Justin;M;154
Florent;M;153
Sira;F;153
Younès;M;153
Louka;M;152
Édouard;M;152
Samba;M;152
Rosa;F;152
Anya;F;152
Safia;F;151
Ayla;F;150
Nine;F;150
Neïla;F;150
Maxim;M;150
Dounia;F;150
Paolo;M;150
Tasnim;F;149
Leandro;M;149
Khadidja;F;149
Paula;F;148
Carl;M;148
Amelia;F;147
Ema;F;147
Fatim;F;147
Aubin;M;147
Killian;M;147
Maïwenn;F;146
Angela;F;146
Malia;F;145
Rahma;F;145
Isaïah;M;145
Dario;M;144
Arthus;M;144
Dahlia;F;144
Elouan;M;144
Nell;F;144
Isaiah;M;143
Arya;F;142
Daria;F;142
Tali;F;142
Archibald;M;141
Aly;M;141
Mael;M;141
John;M;141
Safa;F;141
Dalia;F;141
Nelson;M;140
Alassane;M;140
Alessio;M;140
Nicole;F;140
Daouda;M;140
Angelo;M;140
Rym;F;139
Binta;F;139
Annabelle;F;139
Cheikh;M;139
Simone;F;138
Joaquim;M;138
Hedi;M;138
Levi;M;137
Isis;F;137
Gianni;M;137
Haya;F;137
Marlon;M;136
Jonah;M;136
Merlin;M;136
Aria;F;135
Loan;M;135
Milla;F;135
Jack;M;135
Warren;M;135
Téo;M;135
Matias;M;135
Aris;M;134
Yossef;M;134
Elyssa;F;134
Zakariya;M;134
Ève;F;133
Farès;M;133
Hajar;F;132
Aurélie;F;132
Ilona;F;132
Baya;F;132
Tiphaine;F;132
Solveig;F;131
Clarence;M;131
Liya;F;131
Tania;F;131
Yoann;M;130
Maïlys;F;130
Ornella;F;130
Morgan;M;130
Souleyman;M;130
Laurent;M;129
Milhan;M;129
Alpha;M;129
Aristide;M;128
Eliana;F;128
Olga;F;128
Catherine;F;128
Oren;M;128
Melvin;M;127
Loris;M;127
Éloi;M;127
Yahya;M;126
Tao;M;126
Amara;M;126
Camila;F;126
Guilhem;M;125
Malick;M;125
Lehna;F;125
Nola;F;125
Félicie;F;124
Louison;M;124
Mellina;F;123
Adriana;F;122
Zakarya;M;122
George;M;122
Arié;M;121
Nawel;F;121
Cléophée;F;121
Yani;M;121
Selena;F;120
Zayd;M;120
Tim;M;120
Cloé;F;120
Elly;F;119
Thibaut;M;119
Cyril;M;119
Mohamed-Amine;M;118
Lylia;F;118
Fiona;F;118
Nesrine;F;118
Loane;F;118
Alfred;M;117
Éléa;F;117
Abigaël;F;117
Miya;F;117
Evy;F;117
Lévi;M;116
Giovanni;M;116
Djeneba;F;116
Jude;M;115
Chris;M;115
Christophe;M;114
Marthe;F;114
Adélie;F;114
Ishaq;M;114
Nadia;F;114
Ryad;M;114
Ari;M;113
Dana;F;113
Aïsha;F;113
Joud;M;113
Marvin;M;113
Elyne;F;113
Ugo;M;112
Ewan;M;112
Ora;F;112
Aksil;M;112
Wendy;F;112
Gary;M;111
Tal;F;111
Stéphane;M;111
Nabil;M;111
Alphonse;M;111
Eulalie;F;110
Nada;F;110
Emilien;M;110
Kayden;M;110
Menahem;M;109
Mira;F;109
Bella;F;109
Demba;M;109
Soraya;F;109
Steven;M;109
Rémy;M;109
Milena;F;108
Mahdi;M;108
Haby;F;108
Cédric;M;107
Kilian;M;107
Eli;M;107
Malone;M;107
Yaya;M;106
Ismail;M;106
Athéna;F;106
Mady;M;106
Rokia;F;106
Quitterie;F;106
Héléna;F;105
Anita;F;105
Tina;F;105
Lily-Rose;F;105
Nour;M;105
Mélodie;F;105
Eya;F;104
May;F;104
Lou-Ann;F;104
Christopher;M;104
Mendel;M;104
Talya;F;103
Cindy;F;103
Dania;F;103
Selyan;M;103
Thiago;M;102
Logan;M;102
Imany;F;102
Keren;F;102
Nathaniel;M;102
Gisèle;F;102
Sandra;F;101
Leila;F;101
Ian;M;101
Hiba;F;101
Jaden;M;101
Ilias;M;100
Lucille;F;100
Yoan;M;100
Joana;F;100
Malek;M;100
Aydan;M;99
Leonor;F;99
Lital;F;99
El;M;99
Aude;F;99
Armel;M;99
Auriane;F;98
Lea;F;98
Elon;M;98
Andreas;M;98
Elizabeth;F;98
Ahmad;M;98
Constant;M;98
Nelly;F;98
Avril;F;97
Yannick;M;97
Michael;M;97
Ayan;M;97
Viviane;F;97
Hermine;F;97
Aimé;M;96
Hind;F;96
Selim;M;96
Naor;M;96
Nélya;F;96
Adil;M;96
Grâce;F;96
Mattia;M;95
Christine;F;94
Fatimata;F;94
Kim;F;94
Antonia;F;94
Emir;M;94
Maelys;F;94
Romeo;M;94
Kenzi;M;93
Bruno;M;93
Joan;M;93
Étienne;M;93
Nelia;F;93
Jane;F;93
Dany;M;93
Luis;M;93
Filip;M;93
Éline;F;93
Assiya;F;92
Elissa;F;92
Irina;F;92
Vianney;M;91
Allan;M;91
Ilhan;M;91
Cameron;M;91
Yassin;M;91
Barbara;F;90
Yona;F;90
Alycia;F;90
Idrissa;M;90
Scarlett;F;90
Emil;M;90
Thibaud;M;89
Loïs;F;89
Clothilde;F;89
Riyad;M;89
Ilana;F;89
Laya;F;89
Noura;F;88
Edmond;M;88
Saïd;M;88
Mayar;F;88
Hillel;M;88
Layana;F;88
Zaynab;F;88
Nikola;M;88
Nathalie;F;87
Clélia;F;87
Tancrède;M;87
Goundo;F;87
Shaï;M;87
Élio;M;86
Elie;F;86
Haron;M;86
Anouck;F;86
Leya;F;86
Tasnime;F;85
Livio;M;85
Lilly;F;85
Josh;M;85
Naïa;F;85
Enguerrand;M;85
Layane;F;85
Emeline;F;84
Joël;M;84
Pacôme;M;84
Gaëlle;F;84
Alina;F;84
Frédéric;M;84
Gaspar;M;84
Franck;M;84
Felix;M;83
Abraham;M;83
Hélie;M;83
Zeynab;F;83
Mathilda;F;83
Perrine;F;82
Yohann;M;82
Jimmy;M;82
Marwane;M;82
Déborah;F;82
Swan;M;82
Celia;F;82
Matilda;F;82
Perla;F;82
Damian;M;82
Eliel;M;81
Célian;M;81
Eytan;M;81
Pierre-Louis;M;81
Delphine;F;81
Élias;M;81
Ela;F;81
Philippa;F;81
Coralie;F;81
Ophélie;F;81
Théodora;F;81
Raoul;M;81
Gaétan;M;81
Arielle;F;80
Ada;F;80
Anaelle;F;80
Cécilia;F;80
Yusuf;M;79
Chahine;M;79
Tiffany;F;79
Richard;M;79
Kenny;M;79
Mathurin;M;79
Assil;F;78
Erin;F;78
Malika;F;78
Denis;M;78
Nil;M;78
Kamila;F;78
Loïs;M;78
Mouhamadou;M;78
Maéva;F;78
Layla;F;78
Lubin;M;77
Manelle;F;77
Yvan;M;77
Santiago;M;76
Béatrice;F;76
Lou-Anne;F;76
Aron;M;76
Mylan;M;76
Maïssane;F;75
Joris;M;75
Kenan;M;75
Annaëlle;F;74
Yaëlle;F;74
Alyah;F;74
Liza;F;74
Abigaïl;F;74
Silas;M;74
Oliver;M;73
Amin;M;73
Seydou;M;73
Meryem;F;73
Israa;F;72
Yazid;M;72
Jibril;M;72
Imrân;M;72
Sebastian;M;72
Angélina;F;72
Roxanne;F;72
Razane;F;72
Wesley;M;71
Patrick;M;71
Youri;M;71
Divine;F;71
Blandine;F;70
Ludovic;M;70
Tatiana;F;69
Nadine;F;69
Fabien;M;69
Natalia;F;69
Alon;M;69
Abby;F;69
Liana;F;69
Michaël;M;69
Fabio;M;68
Paulin;M;68
Joanne;F;68
Ayana;F;68
Lauren;F;68
Sean;M;68
Claudia;F;68
Élisabeth;F;68
Kahina;F;67
Vasco;M;67
Mélia;F;67
Marley;M;67
Nizar;M;67
Honoré;M;66
Olympia;F;66
Akram;M;66
Katia;F;66
Sakina;F;66
Charlène;F;66
Iman;F;66
Bonnie;F;66
Shaïna;F;65
Nadir;M;65
Hadja;F;65
Tahel;F;65
Avi;M;65
Anselme;M;65
Wissem;M;64
Thierry;M;64
Natacha;F;64
Lynn;F;64
Eyden;M;64
Boris;M;64
Evann;M;64
Ezio;M;64
Abigail;F;63
Alec;M;63
Johann;M;63
Kadidja;F;63
Tesnim;F;63
Laëtitia;F;63
Izïa;F;63
Artus;M;63
Alessia;F;63
Miguel;M;63
Barnabé;M;63
Rim;F;63
Kadidiatou;F;63
Noélie;F;62
Mayline;F;62
Zineb;F;62
Tamara;F;62
Yasser;M;62
Stefan;M;62
Maé;M;62
Éden;M;62
Michelle;F;61
Yacouba;M;61
Amicie;F;61
Chayma;F;61
Alissa;F;60
Iliana;F;60
Rivka;F;60
Adja;F;60
Ranya;F;60
Inés;F;60
Angélique;F;60
Zéphyr;M;60
Noha;F;59
Adeline;F;59
Anaya;F;59
Hugues;M;59
Ziyad;M;59
Matilde;F;58
Qassim;M;58
Mohammad;M;58
Nolhan;M;58
Sékou;M;58
Suzie;F;58
Hamidou;M;58
Séléna;F;58
Jassim;M;58
Jawad;M;58
Orlane;F;57
Antony;M;57
Rodrigue;M;57
Jalil;M;57
Anes;M;57
Flavie;F;57
Lohan;M;57
Laurine;F;57
Isabella;F;57
Léo-Paul;M;57
Ayah;F;57
Andrew;M;57
Rami;M;57
Matthew;M;57
Erwann;M;57
Leïna;F;57
Eglantine;F;57
Zadig;M;57
Brieuc;M;56
Eddy;M;56
Josué;M;56
Aurélia;F;56
Ronan;M;56
Rébecca;F;56
Lancelot;M;56
Gaia;F;55
Nava;F;55
Ange;F;55
Amaya;F;55
Harouna;M;55
Aden;M;55
Leyla;F;55
Ariana;F;55
Adame;M;55
Lindsay;F;55
Mayane;F;55
Aymane;M;55
Aby;F;55
Martha;F;55
Sidy;M;54
Joey;M;54
Aliocha;M;54
Théophane;M;54
Kays;M;54
Alima;F;54
Milann;M;54
Mamoudou;M;54
Miral;F;54
Yasmina;F;54
Hakim;M;54
Fatma;F;54
Otto;M;53
Skander;M;53
Priscille;F;53
Hélios;M;53
Camilia;F;53
Solange;F;53
Imène;F;53
Aïdan;M;53
Myla;F;53
Sanaa;F;53
Lyes;M;53
Tobias;M;53
India;F;53
Antonio;M;53
Joakim;M;53
Jessim;M;53
Daphnée;F;52
Sélène;F;52
Alizée;F;52
Aylin;F;52
Ivy;F;52
Marie-Lou;F;52
Leny;M;52
Kyllian;M;52
Zeinab;F;52
Ishak;M;52
Samia;F;52
Habib;M;52
Maram;F;52
Samira;F;51
Avital;F;51
Badis;M;51
Imen;F;51
Sidra;F;51
Ramata;F;51
Ilyane;M;51
Mohamed-Lamine;M;51
Aissatou;F;51
Liyah;F;50
Andréas;M;50
Toscane;F;50
Hédi;M;50
Reda;M;50
Maimouna;F;50
Andrei;M;50
Jeremy;M;50
Ramy;M;50
Amanda;F;50
Camelia;F;50
Macéo;M;50
Marko;M;50
